engine,iteration,case,pod,startedUtc,finishedUtc,rule,route,expected,accepted,rejectedByStudyRule,stored,running,matchedExpectation,exitCode
gatekeeper,1,name-regular-ok,r1-name-regular-ok,2026-09-18T15:23:55.884448+00:00,2026-09-18T15:23:57.474069+00:00,name,regular,ALLOW,True,False,True,True,True,0
gatekeeper,1,name-regular-reject,r1-name-regular-reject,2026-09-18T15:23:57.505569+00:00,2026-09-18T15:23:57.808641+00:00,name,regular,DENY,False,True,False,False,True,1
gatekeeper,1,name-ephemeral-ok,r1-name-ephemeral-ok,2026-09-18T15:23:57.855870+00:00,2026-09-18T15:24:00.776882+00:00,name,ephemeral,ALLOW,True,False,True,True,True,0
gatekeeper,1,name-ephemeral-reject,r1-name-ephemeral-reject,2026-09-18T15:24:00.813812+00:00,2026-09-18T15:24:02.419456+00:00,name,ephemeral,DENY,False,True,False,False,True,1
gatekeeper,1,image-regular-ok,r1-image-regular-ok,2026-09-18T15:24:02.469985+00:00,2026-09-18T15:24:04.009988+00:00,image,regular,ALLOW,True,False,True,True,True,0
gatekeeper,1,image-regular-reject,r1-image-regular-reject,2026-09-18T15:24:04.044687+00:00,2026-09-18T15:24:04.282878+00:00,image,regular,DENY,False,True,False,False,True,1
gatekeeper,1,image-ephemeral-ok,r1-image-ephemeral-ok,2026-09-18T15:24:04.318821+00:00,2026-09-18T15:24:08.453714+00:00,image,ephemeral,ALLOW,True,False,True,True,True,0
gatekeeper,1,image-ephemeral-reject,r1-image-ephemeral-reject,2026-09-18T15:24:08.485854+00:00,2026-09-18T15:24:10.056191+00:00,image,ephemeral,DENY,False,True,False,False,True,1
gatekeeper,2,name-regular-ok,r2-name-regular-ok,2026-09-18T15:24:10.094539+00:00,2026-09-18T15:24:11.630098+00:00,name,regular,ALLOW,True,False,True,True,True,0
gatekeeper,2,name-regular-reject,r2-name-regular-reject,2026-09-18T15:24:11.677116+00:00,2026-09-18T15:24:11.929446+00:00,name,regular,DENY,False,True,False,False,True,1
gatekeeper,2,name-ephemeral-ok,r2-name-ephemeral-ok,2026-09-18T15:24:11.965439+00:00,2026-09-18T15:24:14.856401+00:00,name,ephemeral,ALLOW,True,False,True,True,True,0
gatekeeper,2,name-ephemeral-reject,r2-name-ephemeral-reject,2026-09-18T15:24:14.891203+00:00,2026-09-18T15:24:16.828363+00:00,name,ephemeral,DENY,False,True,False,False,True,1
gatekeeper,2,image-regular-ok,r2-image-regular-ok,2026-09-18T15:24:16.873691+00:00,2026-09-18T15:24:18.490440+00:00,image,regular,ALLOW,True,False,True,True,True,0
gatekeeper,2,image-regular-reject,r2-image-regular-reject,2026-09-18T15:24:18.525773+00:00,2026-09-18T15:24:18.787657+00:00,image,regular,DENY,False,True,False,False,True,1
gatekeeper,2,image-ephemeral-ok,r2-image-ephemeral-ok,2026-09-18T15:24:18.824173+00:00,2026-09-18T15:24:21.668331+00:00,image,ephemeral,ALLOW,True,False,True,True,True,0
gatekeeper,2,image-ephemeral-reject,r2-image-ephemeral-reject,2026-09-18T15:24:21.706833+00:00,2026-09-18T15:24:23.357396+00:00,image,ephemeral,DENY,False,True,False,False,True,1
gatekeeper,3,name-regular-ok,r3-name-regular-ok,2026-09-18T15:24:23.396053+00:00,2026-09-18T15:24:24.929518+00:00,name,regular,ALLOW,True,False,True,True,True,0
gatekeeper,3,name-regular-reject,r3-name-regular-reject,2026-09-18T15:24:24.967542+00:00,2026-09-18T15:24:25.238214+00:00,name,regular,DENY,False,True,False,False,True,1
gatekeeper,3,name-ephemeral-ok,r3-name-ephemeral-ok,2026-09-18T15:24:25.278690+00:00,2026-09-18T15:24:29.254111+00:00,name,ephemeral,ALLOW,True,False,True,True,True,0
gatekeeper,3,name-ephemeral-reject,r3-name-ephemeral-reject,2026-09-18T15:24:29.290712+00:00,2026-09-18T15:24:30.946604+00:00,name,ephemeral,DENY,False,True,False,False,True,1
gatekeeper,3,image-regular-ok,r3-image-regular-ok,2026-09-18T15:24:30.984916+00:00,2026-09-18T15:24:32.547232+00:00,image,regular,ALLOW,True,False,True,True,True,0
gatekeeper,3,image-regular-reject,r3-image-regular-reject,2026-09-18T15:24:32.591076+00:00,2026-09-18T15:24:32.860614+00:00,image,regular,DENY,False,True,False,False,True,1
gatekeeper,3,image-ephemeral-ok,r3-image-ephemeral-ok,2026-09-18T15:24:32.901867+00:00,2026-09-18T15:24:35.767844+00:00,image,ephemeral,ALLOW,True,False,True,True,True,0
gatekeeper,3,image-ephemeral-reject,r3-image-ephemeral-reject,2026-09-18T15:24:35.815181+00:00,2026-09-18T15:24:37.438907+00:00,image,ephemeral,DENY,False,True,False,False,True,1
