"iteration","policy","resource","expectedPolicyResult","assertionResult","reason","message"
"1","baseline-disallow-privileged","privileged-normal","pass","Pass","Ok","success"
"1","baseline-disallow-privileged","privileged-violation","fail","Pass","Ok","Regular containers must not enable privileged mode."
"1","baseline-disallow-privileged","privileged-missing","pass","Pass","Ok","success"
"1","baseline-disallow-privileged","privileged-mixed","fail","Pass","Ok","Regular containers must not enable privileged mode."
"1","baseline-require-container-nonroot","nonroot-normal","pass","Pass","Ok","success"
"1","baseline-require-container-nonroot","nonroot-violation","fail","Pass","Ok","Every regular container must explicitly set runAsNonRoot to true in this baseline."
"1","baseline-require-container-nonroot","nonroot-missing","fail","Pass","Ok","Every regular container must explicitly set runAsNonRoot to true in this baseline."
"1","baseline-require-container-nonroot","nonroot-mixed","fail","Pass","Ok","Every regular container must explicitly set runAsNonRoot to true in this baseline."
"1","baseline-approved-registry","registry-normal","pass","Pass","Ok","success"
"1","baseline-approved-registry","registry-violation","fail","Pass","Ok","Regular container images must use registry.example.com/ in this baseline."
"1","baseline-approved-registry","registry-missing","fail","Pass","Ok","Regular container images must use registry.example.com/ in this baseline."
"1","baseline-approved-registry","registry-mixed","fail","Pass","Ok","Regular container images must use registry.example.com/ in this baseline."
"2","baseline-disallow-privileged","privileged-normal","pass","Pass","Ok","success"
"2","baseline-disallow-privileged","privileged-violation","fail","Pass","Ok","Regular containers must not enable privileged mode."
"2","baseline-disallow-privileged","privileged-missing","pass","Pass","Ok","success"
"2","baseline-disallow-privileged","privileged-mixed","fail","Pass","Ok","Regular containers must not enable privileged mode."
"2","baseline-require-container-nonroot","nonroot-normal","pass","Pass","Ok","success"
"2","baseline-require-container-nonroot","nonroot-violation","fail","Pass","Ok","Every regular container must explicitly set runAsNonRoot to true in this baseline."
"2","baseline-require-container-nonroot","nonroot-missing","fail","Pass","Ok","Every regular container must explicitly set runAsNonRoot to true in this baseline."
"2","baseline-require-container-nonroot","nonroot-mixed","fail","Pass","Ok","Every regular container must explicitly set runAsNonRoot to true in this baseline."
"2","baseline-approved-registry","registry-normal","pass","Pass","Ok","success"
"2","baseline-approved-registry","registry-violation","fail","Pass","Ok","Regular container images must use registry.example.com/ in this baseline."
"2","baseline-approved-registry","registry-missing","fail","Pass","Ok","Regular container images must use registry.example.com/ in this baseline."
"2","baseline-approved-registry","registry-mixed","fail","Pass","Ok","Regular container images must use registry.example.com/ in this baseline."
"3","baseline-disallow-privileged","privileged-normal","pass","Pass","Ok","success"
"3","baseline-disallow-privileged","privileged-violation","fail","Pass","Ok","Regular containers must not enable privileged mode."
"3","baseline-disallow-privileged","privileged-missing","pass","Pass","Ok","success"
"3","baseline-disallow-privileged","privileged-mixed","fail","Pass","Ok","Regular containers must not enable privileged mode."
"3","baseline-require-container-nonroot","nonroot-normal","pass","Pass","Ok","success"
"3","baseline-require-container-nonroot","nonroot-violation","fail","Pass","Ok","Every regular container must explicitly set runAsNonRoot to true in this baseline."
"3","baseline-require-container-nonroot","nonroot-missing","fail","Pass","Ok","Every regular container must explicitly set runAsNonRoot to true in this baseline."
"3","baseline-require-container-nonroot","nonroot-mixed","fail","Pass","Ok","Every regular container must explicitly set runAsNonRoot to true in this baseline."
"3","baseline-approved-registry","registry-normal","pass","Pass","Ok","success"
"3","baseline-approved-registry","registry-violation","fail","Pass","Ok","Regular container images must use registry.example.com/ in this baseline."
"3","baseline-approved-registry","registry-missing","fail","Pass","Ok","Regular container images must use registry.example.com/ in this baseline."
"3","baseline-approved-registry","registry-mixed","fail","Pass","Ok","Regular container images must use registry.example.com/ in this baseline."
