engine,case,pod,route,expected,startedUtc,finishedUtc,accepted,exitCode,storedAll,storedAny,runningAll,studyRuleDenial,unchangedOnDeny,matchedExpectation
vap,ephemeral-split-pair,v2-ephemeral-split-pair,ephemeral,DENY,2026-09-18T15:35:07.919016+00:00,2026-09-18T15:35:08.160283+00:00,False,1,False,False,False,True,True,True
vap,ephemeral-history-reject,v2-ephemeral-history-reject,ephemeral,DENY,2026-09-18T15:35:10.961743+00:00,2026-09-18T15:35:11.201255+00:00,False,1,False,False,False,True,True,True
vap,regular-edge-names-ok,v2-regular-edge-names-ok,regular,ALLOW,2026-09-18T15:35:11.264637+00:00,2026-09-18T15:35:12.901467+00:00,True,0,True,True,True,False,False,True
vap,ephemeral-image-first,v2-ephemeral-image-first,ephemeral,DENY,2026-09-18T15:35:14.372763+00:00,2026-09-18T15:35:14.589842+00:00,False,1,False,False,False,True,True,True
vap,ephemeral-image-last,v2-ephemeral-image-last,ephemeral,DENY,2026-09-18T15:35:16.011170+00:00,2026-09-18T15:35:16.216252+00:00,False,1,False,False,False,True,True,True
vap,regular-image-first,v2-regular-image-first,regular,DENY,2026-09-18T15:35:16.271857+00:00,2026-09-18T15:35:16.521936+00:00,False,1,False,False,False,True,True,True
vap,ephemeral-history-ok,v2-ephemeral-history-ok,ephemeral,ALLOW,2026-09-18T15:35:21.528362+00:00,2026-09-18T15:35:22.950413+00:00,True,0,True,True,True,False,False,True
vap,regular-both-single,v2-regular-both-single,regular,DENY,2026-09-18T15:35:23.011685+00:00,2026-09-18T15:35:23.269626+00:00,False,1,False,False,False,True,True,True
vap,regular-name-infix,v2-regular-name-infix,regular,DENY,2026-09-18T15:35:23.328425+00:00,2026-09-18T15:35:23.555614+00:00,False,1,False,False,False,True,True,True
vap,regular-single-ok,v2-regular-single-ok,regular,ALLOW,2026-09-18T15:35:23.616901+00:00,2026-09-18T15:35:25.112141+00:00,True,0,True,True,True,False,False,True
vap,ephemeral-name-infix,v2-ephemeral-name-infix,ephemeral,DENY,2026-09-18T15:35:26.546983+00:00,2026-09-18T15:35:26.779594+00:00,False,1,False,False,False,True,True,True
vap,ephemeral-edge-names-ok,v2-ephemeral-edge-names-ok,ephemeral,ALLOW,2026-09-18T15:35:28.213519+00:00,2026-09-18T15:35:30.831565+00:00,True,0,True,True,True,False,False,True
vap,regular-name-no-separator,v2-regular-name-no-separator,regular,DENY,2026-09-18T15:35:30.912573+00:00,2026-09-18T15:35:31.164512+00:00,False,1,False,False,False,True,True,True
vap,ephemeral-name-last,v2-ephemeral-name-last,ephemeral,DENY,2026-09-18T15:35:32.635062+00:00,2026-09-18T15:35:32.890745+00:00,False,1,False,False,False,True,True,True
vap,ephemeral-name-first,v2-ephemeral-name-first,ephemeral,DENY,2026-09-18T15:35:34.296650+00:00,2026-09-18T15:35:34.495075+00:00,False,1,False,False,False,True,True,True
vap,regular-pair-ok,v2-regular-pair-ok,regular,ALLOW,2026-09-18T15:35:34.556472+00:00,2026-09-18T15:35:36.237013+00:00,True,0,True,True,True,False,False,True
vap,regular-image-last,v2-regular-image-last,regular,DENY,2026-09-18T15:35:36.298930+00:00,2026-09-18T15:35:36.522421+00:00,False,1,False,False,False,True,True,True
vap,ephemeral-name-no-separator,v2-ephemeral-name-no-separator,ephemeral,DENY,2026-09-18T15:35:37.962218+00:00,2026-09-18T15:35:38.227364+00:00,False,1,False,False,False,True,True,True
vap,ephemeral-pair-ok,v2-ephemeral-pair-ok,ephemeral,ALLOW,2026-09-18T15:35:39.647326+00:00,2026-09-18T15:35:41.470590+00:00,True,0,True,True,True,False,False,True
vap,regular-split-pair,v2-regular-split-pair,regular,DENY,2026-09-18T15:35:41.540987+00:00,2026-09-18T15:35:41.775964+00:00,False,1,False,False,False,True,True,True
vap,regular-name-last,v2-regular-name-last,regular,DENY,2026-09-18T15:35:41.845030+00:00,2026-09-18T15:35:42.115200+00:00,False,1,False,False,False,True,True,True
vap,ephemeral-single-ok,v2-ephemeral-single-ok,ephemeral,ALLOW,2026-09-18T15:35:43.562691+00:00,2026-09-18T15:35:45.037641+00:00,True,0,True,True,True,False,False,True
vap,regular-name-first,v2-regular-name-first,regular,DENY,2026-09-18T15:35:45.150012+00:00,2026-09-18T15:35:45.420408+00:00,False,1,False,False,False,True,True,True
vap,ephemeral-both-single,v2-ephemeral-both-single,ephemeral,DENY,2026-09-18T15:35:46.874673+00:00,2026-09-18T15:35:47.113826+00:00,False,1,False,False,False,True,True,True
