product,install,family,repeat,ordinary_safe_http,ordinary_safe_persisted,ordinary_safe_runtime,ordinary_violation_http,ordinary_violation_denied,ordinary_violation_persisted,ephemeral_safe_http,ephemeral_safe_persisted,ephemeral_safe_runtime,ephemeral_violation_http,ephemeral_violation_admitted,ephemeral_violation_persisted,ephemeral_violation_runtime,ephemeral_violation_cap_eff,ephemeral_violation_no_new_privs,runtime_effect_observed
kyverno,1,privileged,1,201,True,Running,400,True,False,200,True,Running,200,True,True,Running,000001ffffffffff,0,True
kyverno,1,privileged,2,201,True,Running,400,True,False,200,True,Running,200,True,True,Running,000001ffffffffff,0,True
kyverno,1,privileged,3,201,True,Running,400,True,False,200,True,Running,200,True,True,Running,000001ffffffffff,0,True
kyverno,1,privileged,4,201,True,Running,400,True,False,200,True,Running,200,True,True,Running,000001ffffffffff,0,True
kyverno,1,privileged,5,201,True,Running,400,True,False,200,True,Running,200,True,True,Running,000001ffffffffff,0,True
kyverno,1,escalation,1,201,True,Running,400,True,False,200,True,Running,200,True,True,Running,0000000000000000,0,True
kyverno,1,escalation,2,201,True,Running,400,True,False,200,True,Running,200,True,True,Running,0000000000000000,0,True
kyverno,1,escalation,3,201,True,Running,400,True,False,200,True,Running,200,True,True,Running,0000000000000000,0,True
kyverno,1,escalation,4,201,True,Running,400,True,False,200,True,Running,200,True,True,Running,0000000000000000,0,True
kyverno,1,escalation,5,201,True,Running,400,True,False,200,True,Running,200,True,True,Running,0000000000000000,0,True
kyverno,1,capabilities,1,201,True,Running,400,True,False,200,True,Running,200,True,True,Running,0000000000200000,1,True
kyverno,1,capabilities,2,201,True,Running,400,True,False,200,True,Running,200,True,True,Running,0000000000200000,1,True
kyverno,1,capabilities,3,201,True,Running,400,True,False,200,True,Running,200,True,True,Running,0000000000200000,1,True
kyverno,1,capabilities,4,201,True,Running,400,True,False,200,True,Running,200,True,True,Running,0000000000200000,1,True
kyverno,1,capabilities,5,201,True,Running,400,True,False,200,True,Running,200,True,True,Running,0000000000200000,1,True
kyverno,2,privileged,1,201,True,Running,400,True,False,200,True,Running,200,True,True,Running,000001ffffffffff,0,True
kyverno,2,privileged,2,201,True,Running,400,True,False,200,True,Running,200,True,True,Running,000001ffffffffff,0,True
kyverno,2,privileged,3,201,True,Running,400,True,False,200,True,Running,200,True,True,Running,000001ffffffffff,0,True
kyverno,2,privileged,4,201,True,Running,400,True,False,200,True,Running,200,True,True,Running,000001ffffffffff,0,True
kyverno,2,privileged,5,201,True,Running,400,True,False,200,True,Running,200,True,True,Running,000001ffffffffff,0,True
kyverno,2,escalation,1,201,True,Running,400,True,False,200,True,Running,200,True,True,Running,0000000000000000,0,True
kyverno,2,escalation,2,201,True,Running,400,True,False,200,True,Running,200,True,True,Running,0000000000000000,0,True
kyverno,2,escalation,3,201,True,Running,400,True,False,200,True,Running,200,True,True,Running,0000000000000000,0,True
kyverno,2,escalation,4,201,True,Running,400,True,False,200,True,Running,200,True,True,Running,0000000000000000,0,True
kyverno,2,escalation,5,201,True,Running,400,True,False,200,True,Running,200,True,True,Running,0000000000000000,0,True
kyverno,2,capabilities,1,201,True,Running,400,True,False,200,True,Running,200,True,True,Running,0000000000200000,1,True
kyverno,2,capabilities,2,201,True,Running,400,True,False,200,True,Running,200,True,True,Running,0000000000200000,1,True
kyverno,2,capabilities,3,201,True,Running,400,True,False,200,True,Running,200,True,True,Running,0000000000200000,1,True
kyverno,2,capabilities,4,201,True,Running,400,True,False,200,True,Running,200,True,True,Running,0000000000200000,1,True
kyverno,2,capabilities,5,201,True,Running,400,True,False,200,True,Running,200,True,True,Running,0000000000200000,1,True
kyverno,3,privileged,1,201,True,Running,400,True,False,200,True,Running,200,True,True,Running,000001ffffffffff,0,True
kyverno,3,privileged,2,201,True,Running,400,True,False,200,True,Running,200,True,True,Running,000001ffffffffff,0,True
kyverno,3,privileged,3,201,True,Running,400,True,False,200,True,Running,200,True,True,Running,000001ffffffffff,0,True
kyverno,3,privileged,4,201,True,Running,400,True,False,200,True,Running,200,True,True,Running,000001ffffffffff,0,True
kyverno,3,privileged,5,201,True,Running,400,True,False,200,True,Running,200,True,True,Running,000001ffffffffff,0,True
kyverno,3,escalation,1,201,True,Running,400,True,False,200,True,Running,200,True,True,Running,0000000000000000,0,True
kyverno,3,escalation,2,201,True,Running,400,True,False,200,True,Running,200,True,True,Running,0000000000000000,0,True
kyverno,3,escalation,3,201,True,Running,400,True,False,200,True,Running,200,True,True,Running,0000000000000000,0,True
kyverno,3,escalation,4,201,True,Running,400,True,False,200,True,Running,200,True,True,Running,0000000000000000,0,True
kyverno,3,escalation,5,201,True,Running,400,True,False,200,True,Running,200,True,True,Running,0000000000000000,0,True
kyverno,3,capabilities,1,201,True,Running,400,True,False,200,True,Running,200,True,True,Running,0000000000200000,1,True
kyverno,3,capabilities,2,201,True,Running,400,True,False,200,True,Running,200,True,True,Running,0000000000200000,1,True
kyverno,3,capabilities,3,201,True,Running,400,True,False,200,True,Running,200,True,True,Running,0000000000200000,1,True
kyverno,3,capabilities,4,201,True,Running,400,True,False,200,True,Running,200,True,True,Running,0000000000200000,1,True
kyverno,3,capabilities,5,201,True,Running,400,True,False,200,True,Running,200,True,True,Running,0000000000200000,1,True
gatekeeper,1,privileged,1,201,True,Running,422,True,False,200,True,Running,200,True,True,Running,000001ffffffffff,0,True
gatekeeper,1,privileged,2,201,True,Running,422,True,False,200,True,Running,200,True,True,Running,000001ffffffffff,0,True
gatekeeper,1,privileged,3,201,True,Running,422,True,False,200,True,Running,200,True,True,Running,000001ffffffffff,0,True
gatekeeper,1,privileged,4,201,True,Running,422,True,False,200,True,Running,200,True,True,Running,000001ffffffffff,0,True
gatekeeper,1,privileged,5,201,True,Running,422,True,False,200,True,Running,200,True,True,Running,000001ffffffffff,0,True
gatekeeper,1,escalation,1,201,True,Running,422,True,False,200,True,Running,200,True,True,Running,0000000000000000,0,True
gatekeeper,1,escalation,2,201,True,Running,422,True,False,200,True,Running,200,True,True,Running,0000000000000000,0,True
gatekeeper,1,escalation,3,201,True,Running,422,True,False,200,True,Running,200,True,True,Running,0000000000000000,0,True
gatekeeper,1,escalation,4,201,True,Running,422,True,False,200,True,Running,200,True,True,Running,0000000000000000,0,True
gatekeeper,1,escalation,5,201,True,Running,422,True,False,200,True,Running,200,True,True,Running,0000000000000000,0,True
gatekeeper,1,capabilities,1,201,True,Running,422,True,False,200,True,Running,200,True,True,Running,0000000000200000,1,True
gatekeeper,1,capabilities,2,201,True,Running,422,True,False,200,True,Running,200,True,True,Running,0000000000200000,1,True
gatekeeper,1,capabilities,3,201,True,Running,422,True,False,200,True,Running,200,True,True,Running,0000000000200000,1,True
gatekeeper,1,capabilities,4,201,True,Running,422,True,False,200,True,Running,200,True,True,Running,0000000000200000,1,True
gatekeeper,1,capabilities,5,201,True,Running,422,True,False,200,True,Running,200,True,True,Running,0000000000200000,1,True
gatekeeper,2,privileged,1,201,True,Running,422,True,False,200,True,Running,200,True,True,Running,000001ffffffffff,0,True
gatekeeper,2,privileged,2,201,True,Running,422,True,False,200,True,Running,200,True,True,Running,000001ffffffffff,0,True
gatekeeper,2,privileged,3,201,True,Running,422,True,False,200,True,Running,200,True,True,Running,000001ffffffffff,0,True
gatekeeper,2,privileged,4,201,True,Running,422,True,False,200,True,Running,200,True,True,Running,000001ffffffffff,0,True
gatekeeper,2,privileged,5,201,True,Running,422,True,False,200,True,Running,200,True,True,Running,000001ffffffffff,0,True
gatekeeper,2,escalation,1,201,True,Running,422,True,False,200,True,Running,200,True,True,Running,0000000000000000,0,True
gatekeeper,2,escalation,2,201,True,Running,422,True,False,200,True,Running,200,True,True,Running,0000000000000000,0,True
gatekeeper,2,escalation,3,201,True,Running,422,True,False,200,True,Running,200,True,True,Running,0000000000000000,0,True
gatekeeper,2,escalation,4,201,True,Running,422,True,False,200,True,Running,200,True,True,Running,0000000000000000,0,True
gatekeeper,2,escalation,5,201,True,Running,422,True,False,200,True,Running,200,True,True,Running,0000000000000000,0,True
gatekeeper,2,capabilities,1,201,True,Running,422,True,False,200,True,Running,200,True,True,Running,0000000000200000,1,True
gatekeeper,2,capabilities,2,201,True,Running,422,True,False,200,True,Running,200,True,True,Running,0000000000200000,1,True
gatekeeper,2,capabilities,3,201,True,Running,422,True,False,200,True,Running,200,True,True,Running,0000000000200000,1,True
gatekeeper,2,capabilities,4,201,True,Running,422,True,False,200,True,Running,200,True,True,Running,0000000000200000,1,True
gatekeeper,2,capabilities,5,201,True,Running,422,True,False,200,True,Running,200,True,True,Running,0000000000200000,1,True
gatekeeper,3,privileged,1,201,True,Running,422,True,False,200,True,Running,200,True,True,Running,000001ffffffffff,0,True
gatekeeper,3,privileged,2,201,True,Running,422,True,False,200,True,Running,200,True,True,Running,000001ffffffffff,0,True
gatekeeper,3,privileged,3,201,True,Running,422,True,False,200,True,Running,200,True,True,Running,000001ffffffffff,0,True
gatekeeper,3,privileged,4,201,True,Running,422,True,False,200,True,Running,200,True,True,Running,000001ffffffffff,0,True
gatekeeper,3,privileged,5,201,True,Running,422,True,False,200,True,Running,200,True,True,Running,000001ffffffffff,0,True
gatekeeper,3,escalation,1,201,True,Running,422,True,False,200,True,Running,200,True,True,Running,0000000000000000,0,True
gatekeeper,3,escalation,2,201,True,Running,422,True,False,200,True,Running,200,True,True,Running,0000000000000000,0,True
gatekeeper,3,escalation,3,201,True,Running,422,True,False,200,True,Running,200,True,True,Running,0000000000000000,0,True
gatekeeper,3,escalation,4,201,True,Running,422,True,False,200,True,Running,200,True,True,Running,0000000000000000,0,True
gatekeeper,3,escalation,5,201,True,Running,422,True,False,200,True,Running,200,True,True,Running,0000000000000000,0,True
gatekeeper,3,capabilities,1,201,True,Running,422,True,False,200,True,Running,200,True,True,Running,0000000000200000,1,True
gatekeeper,3,capabilities,2,201,True,Running,422,True,False,200,True,Running,200,True,True,Running,0000000000200000,1,True
gatekeeper,3,capabilities,3,201,True,Running,422,True,False,200,True,Running,200,True,True,Running,0000000000200000,1,True
gatekeeper,3,capabilities,4,201,True,Running,422,True,False,200,True,Running,200,True,True,Running,0000000000200000,1,True
gatekeeper,3,capabilities,5,201,True,Running,422,True,False,200,True,Running,200,True,True,Running,0000000000200000,1,True
kubewarden,1,privileged,1,201,True,Running,400,True,False,200,True,Running,200,True,True,Running,000001ffffffffff,0,True
kubewarden,1,privileged,2,201,True,Running,400,True,False,200,True,Running,200,True,True,Running,000001ffffffffff,0,True
kubewarden,1,privileged,3,201,True,Running,400,True,False,200,True,Running,200,True,True,Running,000001ffffffffff,0,True
kubewarden,1,privileged,4,201,True,Running,400,True,False,200,True,Running,200,True,True,Running,000001ffffffffff,0,True
kubewarden,1,privileged,5,201,True,Running,400,True,False,200,True,Running,200,True,True,Running,000001ffffffffff,0,True
kubewarden,1,escalation,1,201,True,Running,400,True,False,200,True,Running,200,True,True,Running,0000000000000000,0,True
kubewarden,1,escalation,2,201,True,Running,400,True,False,200,True,Running,200,True,True,Running,0000000000000000,0,True
kubewarden,1,escalation,3,201,True,Running,400,True,False,200,True,Running,200,True,True,Running,0000000000000000,0,True
kubewarden,1,escalation,4,201,True,Running,400,True,False,200,True,Running,200,True,True,Running,0000000000000000,0,True
kubewarden,1,escalation,5,201,True,Running,400,True,False,200,True,Running,200,True,True,Running,0000000000000000,0,True
kubewarden,1,capabilities,1,201,True,Running,400,True,False,200,True,Running,200,True,True,Running,0000000000200000,1,True
kubewarden,1,capabilities,2,201,True,Running,400,True,False,200,True,Running,200,True,True,Running,0000000000200000,1,True
kubewarden,1,capabilities,3,201,True,Running,400,True,False,200,True,Running,200,True,True,Running,0000000000200000,1,True
kubewarden,1,capabilities,4,201,True,Running,400,True,False,200,True,Running,200,True,True,Running,0000000000200000,1,True
kubewarden,1,capabilities,5,201,True,Running,400,True,False,200,True,Running,200,True,True,Running,0000000000200000,1,True
kubewarden,2,privileged,1,201,True,Running,400,True,False,200,True,Running,200,True,True,Running,000001ffffffffff,0,True
kubewarden,2,privileged,2,201,True,Running,400,True,False,200,True,Running,200,True,True,Running,000001ffffffffff,0,True
kubewarden,2,privileged,3,201,True,Running,400,True,False,200,True,Running,200,True,True,Running,000001ffffffffff,0,True
kubewarden,2,privileged,4,201,True,Running,400,True,False,200,True,Running,200,True,True,Running,000001ffffffffff,0,True
kubewarden,2,privileged,5,201,True,Running,400,True,False,200,True,Running,200,True,True,Running,000001ffffffffff,0,True
kubewarden,2,escalation,1,201,True,Running,400,True,False,200,True,Running,200,True,True,Running,0000000000000000,0,True
kubewarden,2,escalation,2,201,True,Running,400,True,False,200,True,Running,200,True,True,Running,0000000000000000,0,True
kubewarden,2,escalation,3,201,True,Running,400,True,False,200,True,Running,200,True,True,Running,0000000000000000,0,True
kubewarden,2,escalation,4,201,True,Running,400,True,False,200,True,Running,200,True,True,Running,0000000000000000,0,True
kubewarden,2,escalation,5,201,True,Running,400,True,False,200,True,Running,200,True,True,Running,0000000000000000,0,True
kubewarden,2,capabilities,1,201,True,Running,400,True,False,200,True,Running,200,True,True,Running,0000000000200000,1,True
kubewarden,2,capabilities,2,201,True,Running,400,True,False,200,True,Running,200,True,True,Running,0000000000200000,1,True
kubewarden,2,capabilities,3,201,True,Running,400,True,False,200,True,Running,200,True,True,Running,0000000000200000,1,True
kubewarden,2,capabilities,4,201,True,Running,400,True,False,200,True,Running,200,True,True,Running,0000000000200000,1,True
kubewarden,2,capabilities,5,201,True,Running,400,True,False,200,True,Running,200,True,True,Running,0000000000200000,1,True
kubewarden,3,privileged,1,201,True,Running,400,True,False,200,True,Running,200,True,True,Running,000001ffffffffff,0,True
kubewarden,3,privileged,2,201,True,Running,400,True,False,200,True,Running,200,True,True,Running,000001ffffffffff,0,True
kubewarden,3,privileged,3,201,True,Running,400,True,False,200,True,Running,200,True,True,Running,000001ffffffffff,0,True
kubewarden,3,privileged,4,201,True,Running,400,True,False,200,True,Running,200,True,True,Running,000001ffffffffff,0,True
kubewarden,3,privileged,5,201,True,Running,400,True,False,200,True,Running,200,True,True,Running,000001ffffffffff,0,True
kubewarden,3,escalation,1,201,True,Running,400,True,False,200,True,Running,200,True,True,Running,0000000000000000,0,True
kubewarden,3,escalation,2,201,True,Running,400,True,False,200,True,Running,200,True,True,Running,0000000000000000,0,True
kubewarden,3,escalation,3,201,True,Running,400,True,False,200,True,Running,200,True,True,Running,0000000000000000,0,True
kubewarden,3,escalation,4,201,True,Running,400,True,False,200,True,Running,200,True,True,Running,0000000000000000,0,True
kubewarden,3,escalation,5,201,True,Running,400,True,False,200,True,Running,200,True,True,Running,0000000000000000,0,True
kubewarden,3,capabilities,1,201,True,Running,400,True,False,200,True,Running,200,True,True,Running,0000000000200000,1,True
kubewarden,3,capabilities,2,201,True,Running,400,True,False,200,True,Running,200,True,True,Running,0000000000200000,1,True
kubewarden,3,capabilities,3,201,True,Running,400,True,False,200,True,Running,200,True,True,Running,0000000000200000,1,True
kubewarden,3,capabilities,4,201,True,Running,400,True,False,200,True,Running,200,True,True,Running,0000000000200000,1,True
kubewarden,3,capabilities,5,201,True,Running,400,True,False,200,True,Running,200,True,True,Running,0000000000200000,1,True
